student_id,name,email,department,semester,year_of_study
1,Aarav Banerjee,aarav.banerjee@college.edu,AI,6,3
2,Aarav Bose,aarav.bose@college.edu,Information Technology,7,4
3,Aarav Chatterjee,aarav.chatterjee@college.edu,Data Science,1,2
4,Aarav Gill,aarav.gill@college.edu,AI,1,4
5,Aarav Iyer,aarav.iyer@college.edu,AI,1,4
6,Aarav Jain,aarav.jain@college.edu,Information Technology,5,3
7,Aarav Joshi,aarav.joshi@college.edu,Data Science,4,4
8,Aarav Kulkarni,aarav.kulkarni@college.edu,Data Science,5,3
9,Aarav Mehta,aarav.mehta@college.edu,AI,4,1
10,Aarav Menon,aarav.menon@college.edu,Computer Science,8,1
11,Aarav Reddy,aarav.reddy@college.edu,AI,5,3
12,Aarav Roy,aarav.roy@college.edu,AI,5,1
13,Aarav Sharma,aarav.sharma@college.edu,AI,6,2
14,Aarohi Bajaj,aarohi.bajaj@college.edu,AI,3,4
15,Aarohi Banerjee,aarohi.banerjee@college.edu,Information Technology,5,2
16,Aarohi Bhatt,aarohi.bhatt@college.edu,Data Science,6,4
17,Aarohi Chauhan,aarohi.chauhan@college.edu,Information Technology,2,1
18,Aarohi Dubey,aarohi.dubey@college.edu,Information Technology,3,2
19,Aarohi Gill,aarohi.gill@college.edu,Information Technology,8,1
20,Aarohi Iyer,aarohi.iyer@college.edu,AI,5,4
21,Aarohi Jain,aarohi.jain@college.edu,Computer Science,7,3
22,Aarohi Khanna,aarohi.khanna@college.edu,Data Science,1,3
23,Aarohi Kulkarni,aarohi.kulkarni@college.edu,Computer Science,2,2
24,Aarohi Pillai,aarohi.pillai@college.edu,Information Technology,2,1
25,Aarohi Singh,aarohi.singh@college.edu,Information Technology,8,1
26,Abhinav Chauhan,abhinav.chauhan@college.edu,Computer Science,6,2
27,Abhinav Kapoor,abhinav.kapoor@college.edu,Computer Science,2,3
28,Abhinav Mehta,abhinav.mehta@college.edu,Computer Science,3,4
29,Abhinav Menon,abhinav.menon@college.edu,Information Technology,5,2
30,Abhinav Mukherjee,abhinav.mukherjee@college.edu,Information Technology,5,4
31,Abhinav Patel,abhinav.patel@college.edu,Data Science,7,3
32,Abhinav Patil,abhinav.patil@college.edu,Data Science,8,1
33,Abhinav Sen,abhinav.sen@college.edu,Information Technology,1,3
34,Aditi Bhatt,aditi.bhatt@college.edu,Computer Science,6,2
35,Aditi Bose,aditi.bose@college.edu,Computer Science,1,1
36,Aditi Das,aditi.das@college.edu,Data Science,2,2
37,Aditi Khanna,aditi.khanna@college.edu,Information Technology,8,2
38,Aditi Roy,aditi.roy@college.edu,Data Science,7,3
39,Aditi Saxena,aditi.saxena@college.edu,Data Science,1,2
40,Aditi Verma,aditi.verma@college.edu,AI,3,3
41,Aditya Banerjee,aditya.banerjee@college.edu,AI,5,1
42,Aditya Bhatt,aditya.bhatt@college.edu,AI,2,3
43,Aditya Bose,aditya.bose@college.edu,Computer Science,7,1
44,Aditya Chauhan,aditya.chauhan@college.edu,Information Technology,1,3
45,Aditya Das,aditya.das@college.edu,Information Technology,6,4
46,Aditya Ghosh,aditya.ghosh@college.edu,Information Technology,3,4
47,Aditya Kulkarni,aditya.kulkarni@college.edu,Information Technology,3,2
48,Aditya Shah,aditya.shah@college.edu,AI,1,3
49,Aditya Sharma,aditya.sharma@college.edu,Computer Science,5,3
50,Aditya Thakur,aditya.thakur@college.edu,Computer Science,1,1
51,Aditya Tiwari,aditya.tiwari@college.edu,AI,2,2
52,Aishwarya Bhatt,aishwarya.bhatt@college.edu,Computer Science,1,3
53,Aishwarya Chauhan,aishwarya.chauhan@college.edu,AI,3,2
54,Aishwarya Iyer,aishwarya.iyer@college.edu,Information Technology,7,4
55,Aishwarya Malhotra,aishwarya.malhotra@college.edu,AI,1,3
56,Aishwarya Mishra,aishwarya.mishra@college.edu,Information Technology,5,3
57,Aishwarya Mukherjee,aishwarya.mukherjee@college.edu,Information Technology,8,2
58,Aishwarya Patil,aishwarya.patil@college.edu,Data Science,7,3
59,Aishwarya Reddy,aishwarya.reddy@college.edu,AI,6,2
60,Aishwarya Roy,aishwarya.roy@college.edu,Data Science,4,3
61,Aishwarya Verma,aishwarya.verma@college.edu,AI,1,1
62,Akash Bhatt,akash.bhatt@college.edu,AI,5,2
63,Akash Chauhan,akash.chauhan@college.edu,Data Science,7,3
64,Akash Chopra,akash.chopra@college.edu,Data Science,5,4
65,Akash Desai,akash.desai@college.edu,AI,6,3
66,Akash Ghosh,akash.ghosh@college.edu,Computer Science,3,4
67,Akash Joshi,akash.joshi@college.edu,Information Technology,5,4
68,Akash Khanna,akash.khanna@college.edu,Data Science,7,1
69,Akash Kulkarni,akash.kulkarni@college.edu,Information Technology,5,2
70,Akash Nair,akash.nair@college.edu,Computer Science,5,3
71,Akash Patil,akash.patil@college.edu,Computer Science,5,1
72,Akash Tiwari,akash.tiwari@college.edu,Computer Science,2,3
73,Aman Agarwal,aman.agarwal@college.edu,Data Science,2,4
74,Aman Bhatt,aman.bhatt@college.edu,Computer Science,3,2
75,Aman Chopra,aman.chopra@college.edu,Data Science,1,3
76,Aman Das,aman.das@college.edu,Computer Science,5,3
77,Aman Desai,aman.desai@college.edu,Information Technology,6,4
78,Aman Iyer,aman.iyer@college.edu,Information Technology,1,3
79,Aman Joshi,aman.joshi@college.edu,AI,6,3
80,Aman Khanna,aman.khanna@college.edu,Information Technology,1,4
81,Aman Kumar,aman.kumar@college.edu,AI,3,1
82,Aman Mukherjee,aman.mukherjee@college.edu,Information Technology,5,4
83,Aman Rao,aman.rao@college.edu,Data Science,5,1
84,Aman Roy,aman.roy@college.edu,Information Technology,4,2
85,Aman Shah,aman.shah@college.edu,AI,6,1
86,Aman Sharma,aman.sharma@college.edu,AI,1,1
87,Aman Singh,aman.singh@college.edu,Computer Science,1,2
88,Aman Verma,aman.verma@college.edu,Data Science,8,1
89,Ananya Bhat,ananya.bhat@college.edu,Information Technology,8,4
90,Ananya Chatterjee,ananya.chatterjee@college.edu,Computer Science,2,1
91,Ananya Das,ananya.das@college.edu,Information Technology,4,2
92,Ananya Ghosh,ananya.ghosh@college.edu,Information Technology,7,4
93,Ananya Gupta,ananya.gupta@college.edu,Computer Science,8,2
94,Ananya Saxena,ananya.saxena@college.edu,Computer Science,7,2
95,Ananya Thakur,ananya.thakur@college.edu,Computer Science,2,3
96,Ananya Tiwari,ananya.tiwari@college.edu,Computer Science,2,3
97,Anil Nair,anil.nair@college.edu,Computer Science,2,2
98,Anil Patil,anil.patil@college.edu,Information Technology,6,2
99,Anil Rao,anil.rao@college.edu,Computer Science,6,2
100,Anil Reddy,anil.reddy@college.edu,Data Science,3,3
101,Anjali Agarwal,anjali.agarwal@college.edu,AI,3,3
102,Anjali Chatterjee,anjali.chatterjee@college.edu,Computer Science,2,1
103,Anjali Das,anjali.das@college.edu,Computer Science,4,1
104,Anjali Ghosh,anjali.ghosh@college.edu,Information Technology,1,2
105,Anjali Gill,anjali.gill@college.edu,Computer Science,6,4
106,Anjali Kapoor,anjali.kapoor@college.edu,Computer Science,4,4
107,Anjali Malhotra,anjali.malhotra@college.edu,Computer Science,5,3
108,Anjali Mehta,anjali.mehta@college.edu,Information Technology,6,3
109,Anjali Nair,anjali.nair@college.edu,Computer Science,6,3
110,Anjali Pillai,anjali.pillai@college.edu,AI,3,2
111,Anjali Rao,anjali.rao@college.edu,Information Technology,1,4
112,Anjali Sen,anjali.sen@college.edu,AI,1,1
113,Anjali Shah,anjali.shah@college.edu,Information Technology,8,2
114,Anjali Sharma,anjali.sharma@college.edu,Computer Science,7,1
115,Anjali Singh,anjali.singh@college.edu,AI,7,1
116,Ankit Desai,ankit.desai@college.edu,Information Technology,7,2
117,Ankit Ghosh,ankit.ghosh@college.edu,Data Science,7,1
118,Ankit Gill,ankit.gill@college.edu,Computer Science,5,4
119,Ankit Iyer,ankit.iyer@college.edu,Information Technology,5,1
120,Ankit Kapoor,ankit.kapoor@college.edu,Data Science,6,4
121,Ankit Pandey,ankit.pandey@college.edu,Information Technology,2,4
122,Ankit Saxena,ankit.saxena@college.edu,Data Science,3,4
123,Ankit Singh,ankit.singh@college.edu,Computer Science,3,3
124,Ankit Thakur,ankit.thakur@college.edu,AI,7,1
125,Ankit Tiwari,ankit.tiwari@college.edu,Data Science,6,2
126,Arjun Arora,arjun.arora@college.edu,Information Technology,8,2
127,Arjun Hegde,arjun.hegde@college.edu,Computer Science,4,1
128,Arjun Iyer,arjun.iyer@college.edu,Data Science,2,3
129,Arjun Mukherjee,arjun.mukherjee@college.edu,Information Technology,6,3
130,Arjun Pandey,arjun.pandey@college.edu,Information Technology,2,4
131,Arjun Patil,arjun.patil@college.edu,Information Technology,2,1
132,Ayush Chopra,ayush.chopra@college.edu,Data Science,2,1
133,Ayush Gill,ayush.gill@college.edu,Data Science,6,2
134,Ayush Kulkarni,ayush.kulkarni@college.edu,Data Science,7,1
135,Ayush Menon,ayush.menon@college.edu,AI,3,3
136,Ayush Patel,ayush.patel@college.edu,Data Science,3,1
137,Ayush Patil,ayush.patil@college.edu,Data Science,7,2
138,Ayush Singh,ayush.singh@college.edu,Data Science,2,4
139,Bhavana Bajaj,bhavana.bajaj@college.edu,AI,4,2
140,Bhavana Bose,bhavana.bose@college.edu,Data Science,1,2
141,Bhavana Chauhan,bhavana.chauhan@college.edu,Information Technology,6,4
142,Bhavana Chopra,bhavana.chopra@college.edu,Data Science,1,2
143,Bhavana Joshi,bhavana.joshi@college.edu,Information Technology,8,2
144,Bhavana Malhotra,bhavana.malhotra@college.edu,Information Technology,7,1
145,Bhavana Saxena,bhavana.saxena@college.edu,Information Technology,4,1
146,Bhavana Singh,bhavana.singh@college.edu,AI,6,4
147,Bhavana Verma,bhavana.verma@college.edu,AI,7,1
148,Chirag Bajaj,chirag.bajaj@college.edu,AI,2,1
149,Chirag Bhatt,chirag.bhatt@college.edu,Data Science,3,2
150,Chirag Bose,chirag.bose@college.edu,Information Technology,1,3
151,Chirag Das,chirag.das@college.edu,AI,5,1
152,Chirag Ghosh,chirag.ghosh@college.edu,AI,5,3
153,Chirag Mehta,chirag.mehta@college.edu,Data Science,4,1
154,Chirag Mukherjee,chirag.mukherjee@college.edu,AI,2,1
155,Chirag Patel,chirag.patel@college.edu,Data Science,8,4
156,Chirag Patil,chirag.patil@college.edu,Computer Science,1,4
157,Chirag Saxena,chirag.saxena@college.edu,AI,2,4
158,Deepak Bajaj,deepak.bajaj@college.edu,Computer Science,1,3
159,Deepak Bhatt,deepak.bhatt@college.edu,Data Science,4,2
160,Deepak Chatterjee,deepak.chatterjee@college.edu,Information Technology,4,1
161,Deepak Dutta,deepak.dutta@college.edu,AI,8,1
162,Deepak Joshi,deepak.joshi@college.edu,Data Science,5,1
163,Deepak Kapoor,deepak.kapoor@college.edu,Information Technology,2,3
164,Deepak Malhotra,deepak.malhotra@college.edu,Information Technology,6,4
165,Deepak Nair,deepak.nair@college.edu,Computer Science,5,2
166,Deepak Patil,deepak.patil@college.edu,Data Science,2,3
167,Deepak Thakur,deepak.thakur@college.edu,Information Technology,5,4
168,Deepika Agarwal,deepika.agarwal@college.edu,AI,6,3
169,Deepika Chauhan,deepika.chauhan@college.edu,AI,3,2
170,Deepika Das,deepika.das@college.edu,Computer Science,3,4
171,Deepika Ghosh,deepika.ghosh@college.edu,Information Technology,8,3
172,Deepika Jain,deepika.jain@college.edu,Data Science,3,2
173,Deepika Nair,deepika.nair@college.edu,AI,3,1
174,Deepika Pandey,deepika.pandey@college.edu,Information Technology,7,2
175,Deepika Patil,deepika.patil@college.edu,Information Technology,1,1
176,Deepika Roy,deepika.roy@college.edu,Computer Science,7,3
177,Deepika Sen,deepika.sen@college.edu,AI,7,4
178,Dev Desai,dev.desai@college.edu,AI,8,4
179,Dev Dubey,dev.dubey@college.edu,Data Science,7,3
180,Dev Gill,dev.gill@college.edu,AI,3,4
181,Dev Hegde,dev.hegde@college.edu,Data Science,6,4
182,Dev Kapoor,dev.kapoor@college.edu,AI,8,1
183,Dev Khanna,dev.khanna@college.edu,Computer Science,8,3
184,Dev Kulkarni,dev.kulkarni@college.edu,AI,4,2
185,Dev Malhotra,dev.malhotra@college.edu,Data Science,8,1
186,Dev Mehta,dev.mehta@college.edu,Data Science,4,3
187,Dev Patel,dev.patel@college.edu,Computer Science,8,1
188,Dev Thakur,dev.thakur@college.edu,AI,1,2
189,Dhruv Bose,dhruv.bose@college.edu,AI,3,2
190,Dhruv Dutta,dhruv.dutta@college.edu,Computer Science,8,3
191,Dhruv Jain,dhruv.jain@college.edu,AI,3,2
192,Dhruv Joshi,dhruv.joshi@college.edu,AI,3,1
193,Dhruv Kulkarni,dhruv.kulkarni@college.edu,Data Science,5,2
194,Dhruv Mehta,dhruv.mehta@college.edu,AI,8,1
195,Dhruv Mishra,dhruv.mishra@college.edu,AI,2,1
196,Dhruv Nair,dhruv.nair@college.edu,Computer Science,5,2
197,Dhruv Pillai,dhruv.pillai@college.edu,Computer Science,2,3
198,Dhruv Trivedi,dhruv.trivedi@college.edu,Information Technology,3,4
199,Divya Agarwal,divya.agarwal@college.edu,Data Science,3,2
200,Divya Banerjee,divya.banerjee@college.edu,AI,5,1
201,Divya Bose,divya.bose@college.edu,AI,5,1
202,Divya Ghosh,divya.ghosh@college.edu,Information Technology,2,2
203,Divya Kapoor,divya.kapoor@college.edu,AI,4,3
204,Divya Kaur,divya.kaur@college.edu,Data Science,2,3
205,Divya Khanna,divya.khanna@college.edu,Information Technology,5,1
206,Divya Mishra,divya.mishra@college.edu,Data Science,6,1
207,Divya Patil,divya.patil@college.edu,Information Technology,5,3
208,Divya Rao,divya.rao@college.edu,Information Technology,6,4
209,Divya Roy,divya.roy@college.edu,Computer Science,1,2
210,Divya Shetty,divya.shetty@college.edu,Data Science,5,1
211,Divya Verma,divya.verma@college.edu,AI,1,1
212,Diya Banerjee,diya.banerjee@college.edu,AI,4,3
213,Diya Bhat,diya.bhat@college.edu,Data Science,2,2
214,Diya Dutta,diya.dutta@college.edu,AI,6,3
215,Diya Joshi,diya.joshi@college.edu,AI,2,2
216,Diya Menon,diya.menon@college.edu,Data Science,1,2
217,Diya Patil,diya.patil@college.edu,Information Technology,6,2
218,Diya Sharma,diya.sharma@college.edu,Data Science,2,1
219,Diya Thakur,diya.thakur@college.edu,Information Technology,5,4
220,Gaurav Bhat,gaurav.bhat@college.edu,AI,3,3
221,Gaurav Bose,gaurav.bose@college.edu,AI,1,4
222,Gaurav Chopra,gaurav.chopra@college.edu,AI,2,3
223,Gaurav Kaur,gaurav.kaur@college.edu,Computer Science,1,2
224,Gaurav Pandey,gaurav.pandey@college.edu,Information Technology,7,1
225,Gaurav Patil,gaurav.patil@college.edu,Computer Science,1,4
226,Gaurav Sethi,gaurav.sethi@college.edu,Computer Science,6,1
227,Gaurav Singh,gaurav.singh@college.edu,Data Science,7,3
228,Gaurav Trivedi,gaurav.trivedi@college.edu,Computer Science,8,1
229,Harsh Arora,harsh.arora@college.edu,Data Science,6,1
230,Harsh Bajaj,harsh.bajaj@college.edu,Data Science,3,4
231,Harsh Banerjee,harsh.banerjee@college.edu,Computer Science,7,2
232,Harsh Chopra,harsh.chopra@college.edu,Information Technology,8,1
233,Harsh Iyer,harsh.iyer@college.edu,Information Technology,5,2
234,Harsh Joshi,harsh.joshi@college.edu,Information Technology,1,3
235,Harsh Mehta,harsh.mehta@college.edu,Information Technology,2,1
236,Himanshu Bhat,himanshu.bhat@college.edu,Information Technology,4,4
237,Himanshu Bhatt,himanshu.bhatt@college.edu,Computer Science,1,3
238,Himanshu Bose,himanshu.bose@college.edu,Computer Science,8,3
239,Himanshu Desai,himanshu.desai@college.edu,AI,1,4
240,Himanshu Ghosh,himanshu.ghosh@college.edu,Information Technology,3,1
241,Himanshu Jain,himanshu.jain@college.edu,Computer Science,5,1
242,Himanshu Menon,himanshu.menon@college.edu,AI,4,3
243,Himanshu Patil,himanshu.patil@college.edu,Information Technology,7,1
244,Himanshu Shah,himanshu.shah@college.edu,Data Science,7,2
245,Himanshu Shetty,himanshu.shetty@college.edu,AI,7,4
246,Isha Bhatt,isha.bhatt@college.edu,Computer Science,8,2
247,Isha Bose,isha.bose@college.edu,Data Science,6,1
248,Isha Gupta,isha.gupta@college.edu,Data Science,6,3
249,Isha Hegde,isha.hegde@college.edu,Data Science,2,4
250,Isha Jain,isha.jain@college.edu,AI,4,1
251,Isha Malhotra,isha.malhotra@college.edu,Computer Science,7,1
252,Isha Menon,isha.menon@college.edu,Data Science,6,3
253,Isha Mishra,isha.mishra@college.edu,Information Technology,8,3
254,Isha Nair,isha.nair@college.edu,Data Science,2,2
255,Isha Patel,isha.patel@college.edu,Data Science,5,4
256,Isha Patil,isha.patil@college.edu,AI,2,4
257,Isha Rao,isha.rao@college.edu,AI,6,3
258,Isha Reddy,isha.reddy@college.edu,Computer Science,3,2
259,Isha Trivedi,isha.trivedi@college.edu,Information Technology,8,4
260,Ishaan Dubey,ishaan.dubey@college.edu,AI,3,3
261,Ishaan Dutta,ishaan.dutta@college.edu,Data Science,7,1
262,Ishaan Ghosh,ishaan.ghosh@college.edu,Computer Science,3,4
263,Ishaan Iyer,ishaan.iyer@college.edu,Data Science,7,2
264,Ishaan Pandey,ishaan.pandey@college.edu,Data Science,7,2
265,Ishaan Patil,ishaan.patil@college.edu,AI,6,2
266,Ishaan Pillai,ishaan.pillai@college.edu,Computer Science,3,1
267,Ishaan Reddy,ishaan.reddy@college.edu,Information Technology,7,4
268,Ishaan Shetty,ishaan.shetty@college.edu,Information Technology,4,4
269,Ishaan Thakur,ishaan.thakur@college.edu,AI,5,1
270,Ishaan Verma,ishaan.verma@college.edu,AI,2,4
271,Ishita Bajaj,ishita.bajaj@college.edu,Computer Science,2,1
272,Ishita Hegde,ishita.hegde@college.edu,Information Technology,6,1
273,Ishita Iyer,ishita.iyer@college.edu,Information Technology,3,1
274,Ishita Joshi,ishita.joshi@college.edu,Information Technology,3,2
275,Ishita Mehta,ishita.mehta@college.edu,Data Science,7,4
276,Ishita Sen,ishita.sen@college.edu,Information Technology,8,1
277,Ishita Verma,ishita.verma@college.edu,Data Science,1,4
278,Jyoti Banerjee,jyoti.banerjee@college.edu,Computer Science,7,2
279,Jyoti Bhatt,jyoti.bhatt@college.edu,Data Science,5,1
280,Jyoti Hegde,jyoti.hegde@college.edu,Computer Science,4,3
281,Jyoti Iyer,jyoti.iyer@college.edu,Information Technology,2,2
282,Jyoti Jain,jyoti.jain@college.edu,Information Technology,7,3
283,Jyoti Khanna,jyoti.khanna@college.edu,Computer Science,1,4
284,Jyoti Kumar,jyoti.kumar@college.edu,AI,1,4
285,Jyoti Mehta,jyoti.mehta@college.edu,Computer Science,7,2
286,Jyoti Mishra,jyoti.mishra@college.edu,AI,6,4
287,Jyoti Mukherjee,jyoti.mukherjee@college.edu,Data Science,2,3
288,Jyoti Shah,jyoti.shah@college.edu,Data Science,6,1
289,Jyoti Thakur,jyoti.thakur@college.edu,Data Science,4,1
290,Karan Arora,karan.arora@college.edu,Information Technology,1,1
291,Karan Bajaj,karan.bajaj@college.edu,Data Science,1,2
292,Karan Chatterjee,karan.chatterjee@college.edu,AI,5,4
293,Karan Chauhan,karan.chauhan@college.edu,Data Science,4,3
294,Karan Dutta,karan.dutta@college.edu,Computer Science,1,4
295,Karan Gupta,karan.gupta@college.edu,Computer Science,4,4
296,Karan Khanna,karan.khanna@college.edu,Information Technology,2,4
297,Karan Kulkarni,karan.kulkarni@college.edu,Computer Science,3,1
298,Karan Rao,karan.rao@college.edu,AI,1,3
299,Karan Singh,karan.singh@college.edu,Data Science,5,3
300,Kartik Bhat,kartik.bhat@college.edu,Information Technology,2,4
301,Kartik Bose,kartik.bose@college.edu,Data Science,7,1
302,Kartik Das,kartik.das@college.edu,Data Science,4,1
303,Kartik Gill,kartik.gill@college.edu,AI,7,3
304,Kartik Jain,kartik.jain@college.edu,Computer Science,6,1
305,Kartik Malhotra,kartik.malhotra@college.edu,Computer Science,2,1
306,Kartik Mehta,kartik.mehta@college.edu,Data Science,7,1
307,Kartik Saxena,kartik.saxena@college.edu,Information Technology,8,2
308,Kartik Sharma,kartik.sharma@college.edu,Computer Science,8,4
309,Kartik Thakur,kartik.thakur@college.edu,Information Technology,1,3
310,Kartik Tiwari,kartik.tiwari@college.edu,Computer Science,4,3
311,Kartik Trivedi,kartik.trivedi@college.edu,Information Technology,3,2
312,Kavya Banerjee,kavya.banerjee@college.edu,AI,2,4
313,Kavya Chopra,kavya.chopra@college.edu,Information Technology,1,3
314,Kavya Ghosh,kavya.ghosh@college.edu,AI,5,1
315,Kavya Mehta,kavya.mehta@college.edu,AI,6,3
316,Kavya Pandey,kavya.pandey@college.edu,Information Technology,4,1
317,Kavya Singh,kavya.singh@college.edu,AI,2,2
318,Kavya Thakur,kavya.thakur@college.edu,Data Science,8,1
319,Kavya Tiwari,kavya.tiwari@college.edu,AI,2,3
320,Kiara Arora,kiara.arora@college.edu,Computer Science,3,3
321,Kiara Bajaj,kiara.bajaj@college.edu,Information Technology,8,3
322,Kiara Bhat,kiara.bhat@college.edu,Data Science,3,2
323,Kiara Bose,kiara.bose@college.edu,Information Technology,5,2
324,Kiara Gupta,kiara.gupta@college.edu,Computer Science,6,4
325,Kiara Hegde,kiara.hegde@college.edu,Computer Science,5,3
326,Kiara Malhotra,kiara.malhotra@college.edu,Computer Science,1,1
327,Kiara Rao,kiara.rao@college.edu,AI,1,2
328,Kiara Sethi,kiara.sethi@college.edu,AI,5,3
329,Kiara Singh,kiara.singh@college.edu,Information Technology,6,3
330,Komal Arora,komal.arora@college.edu,Information Technology,5,2
331,Komal Chatterjee,komal.chatterjee@college.edu,Data Science,6,4
332,Komal Ghosh,komal.ghosh@college.edu,Data Science,6,2
333,Komal Gill,komal.gill@college.edu,Information Technology,7,2
334,Komal Gupta,komal.gupta@college.edu,AI,8,1
335,Komal Iyer,komal.iyer@college.edu,Computer Science,4,1
336,Komal Malhotra,komal.malhotra@college.edu,Information Technology,6,4
337,Komal Menon,komal.menon@college.edu,Data Science,3,3
338,Komal Mishra,komal.mishra@college.edu,AI,6,2
339,Komal Pandey,komal.pandey@college.edu,Information Technology,6,4
340,Komal Patel,komal.patel@college.edu,Information Technology,6,1
341,Komal Shah,komal.shah@college.edu,AI,7,2
342,Komal Tiwari,komal.tiwari@college.edu,Information Technology,8,3
343,Kriti Banerjee,kriti.banerjee@college.edu,AI,7,1
344,Kriti Chopra,kriti.chopra@college.edu,Computer Science,1,1
345,Kriti Kaur,kriti.kaur@college.edu,AI,7,1
346,Kriti Khanna,kriti.khanna@college.edu,AI,3,4
347,Kriti Kumar,kriti.kumar@college.edu,AI,3,3
348,Kriti Mishra,kriti.mishra@college.edu,Information Technology,7,2
349,Kriti Nair,kriti.nair@college.edu,Information Technology,8,4
350,Kriti Singh,kriti.singh@college.edu,AI,5,4
351,Kunal Agarwal,kunal.agarwal@college.edu,Information Technology,4,4
352,Kunal Bhat,kunal.bhat@college.edu,Data Science,8,1
353,Kunal Das,kunal.das@college.edu,Data Science,7,3
354,Kunal Desai,kunal.desai@college.edu,Information Technology,6,4
355,Kunal Gill,kunal.gill@college.edu,Information Technology,2,2
356,Kunal Jain,kunal.jain@college.edu,AI,4,3
357,Kunal Malhotra,kunal.malhotra@college.edu,Computer Science,4,2
358,Kunal Nair,kunal.nair@college.edu,Information Technology,3,3
359,Kunal Sen,kunal.sen@college.edu,Data Science,4,2
360,Lakshmi Bhatt,lakshmi.bhatt@college.edu,AI,7,1
361,Lakshmi Hegde,lakshmi.hegde@college.edu,Information Technology,6,4
362,Lakshmi Khanna,lakshmi.khanna@college.edu,Data Science,6,2
363,Lakshmi Patil,lakshmi.patil@college.edu,Data Science,1,3
364,Lakshmi Roy,lakshmi.roy@college.edu,Computer Science,6,4
365,Lakshmi Sethi,lakshmi.sethi@college.edu,AI,8,4
366,Lakshmi Shah,lakshmi.shah@college.edu,AI,6,3
367,Lakshmi Thakur,lakshmi.thakur@college.edu,Computer Science,3,2
368,Madhavi Bajaj,madhavi.bajaj@college.edu,Computer Science,6,1
369,Madhavi Bose,madhavi.bose@college.edu,AI,1,1
370,Madhavi Hegde,madhavi.hegde@college.edu,AI,2,2
371,Madhavi Khanna,madhavi.khanna@college.edu,Information Technology,7,4
372,Madhavi Mehta,madhavi.mehta@college.edu,Information Technology,3,4
373,Madhavi Patel,madhavi.patel@college.edu,Computer Science,8,4
374,Madhavi Shetty,madhavi.shetty@college.edu,Information Technology,2,4
375,Madhavi Singh,madhavi.singh@college.edu,Data Science,3,2
376,Madhavi Verma,madhavi.verma@college.edu,Information Technology,5,4
377,Manish Banerjee,manish.banerjee@college.edu,Information Technology,4,3
378,Manish Dubey,manish.dubey@college.edu,Data Science,5,4
379,Manish Iyer,manish.iyer@college.edu,Computer Science,6,1
380,Manish Menon,manish.menon@college.edu,Data Science,2,4
381,Manish Mukherjee,manish.mukherjee@college.edu,Information Technology,6,2
382,Manish Sethi,manish.sethi@college.edu,Computer Science,4,1
383,Manish Shah,manish.shah@college.edu,Information Technology,3,2
384,Manish Trivedi,manish.trivedi@college.edu,Data Science,4,2
385,Manoj Agarwal,manoj.agarwal@college.edu,Data Science,1,1
386,Manoj Chopra,manoj.chopra@college.edu,Information Technology,4,2
387,Manoj Dutta,manoj.dutta@college.edu,AI,1,2
388,Manoj Iyer,manoj.iyer@college.edu,AI,4,4
389,Manoj Kapoor,manoj.kapoor@college.edu,Data Science,7,3
390,Manoj Kaur,manoj.kaur@college.edu,Data Science,1,2
391,Manoj Mehta,manoj.mehta@college.edu,AI,2,2
392,Manoj Mishra,manoj.mishra@college.edu,AI,6,2
393,Manoj Pandey,manoj.pandey@college.edu,Information Technology,8,4
394,Manoj Patel,manoj.patel@college.edu,Information Technology,6,3
395,Manoj Saxena,manoj.saxena@college.edu,AI,5,1
396,Manoj Sen,manoj.sen@college.edu,Information Technology,6,4
397,Manoj Thakur,manoj.thakur@college.edu,Information Technology,3,4
398,Mansi Ghosh,mansi.ghosh@college.edu,Computer Science,7,3
399,Mansi Joshi,mansi.joshi@college.edu,Information Technology,4,3
400,Mansi Kumar,mansi.kumar@college.edu,Data Science,5,4
401,Mansi Malhotra,mansi.malhotra@college.edu,Information Technology,3,1
402,Mansi Patel,mansi.patel@college.edu,Information Technology,3,4
403,Mansi Rao,mansi.rao@college.edu,AI,1,3
404,Mansi Saxena,mansi.saxena@college.edu,Data Science,6,1
405,Mansi Singh,mansi.singh@college.edu,Information Technology,2,3
406,Mansi Trivedi,mansi.trivedi@college.edu,Information Technology,8,1
407,Mansi Verma,mansi.verma@college.edu,Computer Science,2,2
408,Meera Bhat,meera.bhat@college.edu,Information Technology,5,3
409,Meera Chauhan,meera.chauhan@college.edu,Information Technology,7,3
410,Meera Dubey,meera.dubey@college.edu,Computer Science,2,4
411,Meera Iyer,meera.iyer@college.edu,AI,4,3
412,Meera Kapoor,meera.kapoor@college.edu,Information Technology,2,3
413,Meera Khanna,meera.khanna@college.edu,Computer Science,5,2
414,Meera Pillai,meera.pillai@college.edu,Data Science,8,3
415,Mira Arora,mira.arora@college.edu,AI,2,2
416,Mira Bose,mira.bose@college.edu,Data Science,4,2
417,Mira Chopra,mira.chopra@college.edu,Data Science,1,2
418,Mira Hegde,mira.hegde@college.edu,Computer Science,7,2
419,Mira Khanna,mira.khanna@college.edu,Information Technology,5,1
420,Mira Mishra,mira.mishra@college.edu,Computer Science,1,4
421,Mira Pillai,mira.pillai@college.edu,Computer Science,1,1
422,Mira Sethi,mira.sethi@college.edu,Computer Science,1,3
423,Mira Singh,mira.singh@college.edu,Computer Science,3,1
424,Mohit Desai,mohit.desai@college.edu,AI,7,1
425,Mohit Dubey,mohit.dubey@college.edu,Information Technology,8,3
426,Mohit Ghosh,mohit.ghosh@college.edu,Data Science,6,3
427,Mohit Mehta,mohit.mehta@college.edu,Data Science,7,3
428,Mohit Menon,mohit.menon@college.edu,Information Technology,3,1
429,Mohit Mishra,mohit.mishra@college.edu,Data Science,6,1
430,Mohit Pillai,mohit.pillai@college.edu,Information Technology,7,3
431,Mohit Tiwari,mohit.tiwari@college.edu,Data Science,1,4
432,Naveen Banerjee,naveen.banerjee@college.edu,Computer Science,5,4
433,Naveen Gupta,naveen.gupta@college.edu,Data Science,6,2
434,Naveen Jain,naveen.jain@college.edu,Information Technology,4,3
435,Naveen Kumar,naveen.kumar@college.edu,Information Technology,4,2
436,Naveen Malhotra,naveen.malhotra@college.edu,Information Technology,2,4
437,Naveen Mishra,naveen.mishra@college.edu,Information Technology,6,2
438,Naveen Rao,naveen.rao@college.edu,Information Technology,5,3
439,Neeraj Arora,neeraj.arora@college.edu,AI,8,3
440,Neeraj Chauhan,neeraj.chauhan@college.edu,AI,3,3
441,Neeraj Ghosh,neeraj.ghosh@college.edu,Data Science,1,1
442,Neeraj Kaur,neeraj.kaur@college.edu,Information Technology,2,2
443,Neeraj Khanna,neeraj.khanna@college.edu,Data Science,4,4
444,Neeraj Pillai,neeraj.pillai@college.edu,Information Technology,3,4
445,Neeraj Rao,neeraj.rao@college.edu,Information Technology,3,4
446,Neeraj Singh,neeraj.singh@college.edu,AI,1,1
447,Neeraj Verma,neeraj.verma@college.edu,AI,8,1
448,Neha Arora,neha.arora@college.edu,Computer Science,8,3
449,Neha Chatterjee,neha.chatterjee@college.edu,AI,6,4
450,Neha Chauhan,neha.chauhan@college.edu,Computer Science,4,1
451,Neha Dubey,neha.dubey@college.edu,Computer Science,8,3
452,Neha Gupta,neha.gupta@college.edu,Computer Science,5,4
453,Neha Iyer,neha.iyer@college.edu,Computer Science,8,2
454,Neha Khanna,neha.khanna@college.edu,Computer Science,3,3
455,Neha Kumar,neha.kumar@college.edu,Data Science,1,1
456,Neha Nair,neha.nair@college.edu,AI,5,1
457,Neha Roy,neha.roy@college.edu,Computer Science,6,3
458,Nikhil Agarwal,nikhil.agarwal@college.edu,Information Technology,4,3
459,Nikhil Das,nikhil.das@college.edu,AI,6,1
460,Nikhil Ghosh,nikhil.ghosh@college.edu,AI,3,2
461,Nikhil Jain,nikhil.jain@college.edu,Computer Science,5,4
462,Nikhil Kapoor,nikhil.kapoor@college.edu,Data Science,5,2
463,Nikhil Khanna,nikhil.khanna@college.edu,Computer Science,5,3
464,Nikhil Patel,nikhil.patel@college.edu,Data Science,3,2
465,Nikhil Pillai,nikhil.pillai@college.edu,Information Technology,3,1
466,Nikhil Sethi,nikhil.sethi@college.edu,AI,6,3
467,Nikhil Shetty,nikhil.shetty@college.edu,Information Technology,2,4
468,Nikhil Trivedi,nikhil.trivedi@college.edu,Data Science,6,1
469,Nikita Banerjee,nikita.banerjee@college.edu,Data Science,4,1
470,Nikita Chatterjee,nikita.chatterjee@college.edu,Information Technology,1,4
471,Nikita Chauhan,nikita.chauhan@college.edu,Data Science,5,4
472,Nikita Das,nikita.das@college.edu,Information Technology,2,2
473,Nikita Desai,nikita.desai@college.edu,AI,1,3
474,Nikita Patel,nikita.patel@college.edu,Information Technology,2,4
475,Nikita Rao,nikita.rao@college.edu,AI,8,4
476,Nikita Saxena,nikita.saxena@college.edu,Information Technology,8,3
477,Nikita Shah,nikita.shah@college.edu,Data Science,7,4
478,Nikita Singh,nikita.singh@college.edu,Information Technology,8,4
479,Nikita Thakur,nikita.thakur@college.edu,Data Science,6,2
480,Nisha Chatterjee,nisha.chatterjee@college.edu,Information Technology,8,1
481,Nisha Joshi,nisha.joshi@college.edu,Information Technology,3,1
482,Nisha Kaur,nisha.kaur@college.edu,Computer Science,5,1
483,Nisha Mehta,nisha.mehta@college.edu,Data Science,6,1
484,Nisha Menon,nisha.menon@college.edu,Computer Science,1,4
485,Nisha Patel,nisha.patel@college.edu,Data Science,7,3
486,Nisha Reddy,nisha.reddy@college.edu,Computer Science,7,3
487,Nisha Sen,nisha.sen@college.edu,AI,7,2
488,Nisha Shetty,nisha.shetty@college.edu,Information Technology,1,2
489,Nisha Tiwari,nisha.tiwari@college.edu,Data Science,1,4
490,Nisha Verma,nisha.verma@college.edu,Data Science,1,3
491,Pallavi Iyer,pallavi.iyer@college.edu,Information Technology,1,3
492,Pallavi Kaur,pallavi.kaur@college.edu,Data Science,7,1
493,Pallavi Khanna,pallavi.khanna@college.edu,Data Science,7,4
494,Pallavi Nair,pallavi.nair@college.edu,Computer Science,2,4
495,Pallavi Pillai,pallavi.pillai@college.edu,Data Science,6,1
496,Pallavi Roy,pallavi.roy@college.edu,AI,5,4
497,Pallavi Saxena,pallavi.saxena@college.edu,AI,8,4
498,Pallavi Sethi,pallavi.sethi@college.edu,Information Technology,8,2
499,Pallavi Sharma,pallavi.sharma@college.edu,Data Science,3,3
500,Pallavi Singh,pallavi.singh@college.edu,Information Technology,7,4
501,Pallavi Thakur,pallavi.thakur@college.edu,AI,3,2
502,Pallavi Verma,pallavi.verma@college.edu,Data Science,6,3
503,Parth Chatterjee,parth.chatterjee@college.edu,Data Science,6,1
504,Parth Chauhan,parth.chauhan@college.edu,Information Technology,3,2
505,Parth Jain,parth.jain@college.edu,AI,7,2
506,Parth Joshi,parth.joshi@college.edu,Data Science,3,3
507,Parth Roy,parth.roy@college.edu,Information Technology,8,1
508,Parth Sen,parth.sen@college.edu,AI,2,2
509,Parth Thakur,parth.thakur@college.edu,Information Technology,8,4
510,Parth Tiwari,parth.tiwari@college.edu,Computer Science,4,4
511,Payal Gill,payal.gill@college.edu,Data Science,7,4
512,Payal Hegde,payal.hegde@college.edu,Computer Science,7,1
513,Payal Khanna,payal.khanna@college.edu,AI,5,2
514,Payal Menon,payal.menon@college.edu,Computer Science,1,4
515,Payal Nair,payal.nair@college.edu,Computer Science,4,1
516,Payal Pillai,payal.pillai@college.edu,AI,6,4
517,Payal Reddy,payal.reddy@college.edu,Information Technology,7,3
518,Payal Sethi,payal.sethi@college.edu,Computer Science,3,2
519,Payal Shah,payal.shah@college.edu,Information Technology,4,2
520,Pooja Chatterjee,pooja.chatterjee@college.edu,Computer Science,5,1
521,Pooja Desai,pooja.desai@college.edu,Information Technology,6,1
522,Pooja Dutta,pooja.dutta@college.edu,AI,1,2
523,Pooja Hegde,pooja.hegde@college.edu,Computer Science,1,4
524,Pooja Jain,pooja.jain@college.edu,AI,5,4
525,Pooja Kapoor,pooja.kapoor@college.edu,Computer Science,5,3
526,Pooja Kaur,pooja.kaur@college.edu,AI,3,4
527,Pooja Mehta,pooja.mehta@college.edu,AI,7,1
528,Pooja Mukherjee,pooja.mukherjee@college.edu,Computer Science,1,1
529,Pooja Pandey,pooja.pandey@college.edu,Computer Science,6,4
530,Pooja Reddy,pooja.reddy@college.edu,Computer Science,4,1
531,Pradeep Agarwal,pradeep.agarwal@college.edu,Data Science,6,2
532,Pradeep Arora,pradeep.arora@college.edu,Information Technology,2,2
533,Pradeep Dubey,pradeep.dubey@college.edu,Data Science,2,4
534,Pradeep Hegde,pradeep.hegde@college.edu,Data Science,5,2
535,Pradeep Kaur,pradeep.kaur@college.edu,AI,3,2
536,Pradeep Kumar,pradeep.kumar@college.edu,Computer Science,2,3
537,Pradeep Mukherjee,pradeep.mukherjee@college.edu,Information Technology,1,3
538,Pradeep Pillai,pradeep.pillai@college.edu,AI,6,2
539,Pradeep Reddy,pradeep.reddy@college.edu,Data Science,6,4
540,Pradeep Shah,pradeep.shah@college.edu,Computer Science,5,3
541,Pradeep Shetty,pradeep.shetty@college.edu,AI,7,1
542,Pradeep Tiwari,pradeep.tiwari@college.edu,Computer Science,7,1
543,Pradeep Verma,pradeep.verma@college.edu,AI,4,1
544,Pranav Agarwal,pranav.agarwal@college.edu,Computer Science,5,4
545,Pranav Bose,pranav.bose@college.edu,Data Science,8,2
546,Pranav Chauhan,pranav.chauhan@college.edu,Information Technology,4,1
547,Pranav Ghosh,pranav.ghosh@college.edu,Data Science,8,4
548,Pranav Mehta,pranav.mehta@college.edu,Information Technology,7,3
549,Pranav Patel,pranav.patel@college.edu,Computer Science,5,2
550,Pranav Singh,pranav.singh@college.edu,AI,8,3
551,Pranav Verma,pranav.verma@college.edu,Data Science,5,4
552,Priya Agarwal,priya.agarwal@college.edu,Information Technology,5,1
553,Priya Bhatt,priya.bhatt@college.edu,Data Science,7,1
554,Priya Chatterjee,priya.chatterjee@college.edu,Information Technology,4,4
555,Priya Khanna,priya.khanna@college.edu,Data Science,4,1
556,Priya Malhotra,priya.malhotra@college.edu,Information Technology,5,2
557,Priya Mishra,priya.mishra@college.edu,Information Technology,2,4
558,Priya Patel,priya.patel@college.edu,Computer Science,3,3
559,Priya Patil,priya.patil@college.edu,Information Technology,7,4
560,Priya Roy,priya.roy@college.edu,Computer Science,3,2
561,Priya Sen,priya.sen@college.edu,Information Technology,3,2
562,Priya Tiwari,priya.tiwari@college.edu,AI,4,4
563,Priya Trivedi,priya.trivedi@college.edu,AI,4,4
564,Rahul Bhatt,rahul.bhatt@college.edu,AI,2,1
565,Rahul Dubey,rahul.dubey@college.edu,Information Technology,3,2
566,Rahul Mehta,rahul.mehta@college.edu,Computer Science,3,4
567,Rahul Mukherjee,rahul.mukherjee@college.edu,Computer Science,5,4
568,Rahul Nair,rahul.nair@college.edu,Information Technology,4,2
569,Rahul Saxena,rahul.saxena@college.edu,AI,3,4
570,Rahul Shah,rahul.shah@college.edu,AI,6,1
571,Rajesh Agarwal,rajesh.agarwal@college.edu,Computer Science,2,2
572,Rajesh Arora,rajesh.arora@college.edu,AI,8,1
573,Rajesh Desai,rajesh.desai@college.edu,Data Science,6,1
574,Rajesh Gupta,rajesh.gupta@college.edu,Computer Science,6,1
575,Rajesh Kulkarni,rajesh.kulkarni@college.edu,AI,8,1
576,Rajesh Malhotra,rajesh.malhotra@college.edu,Computer Science,7,2
577,Rajesh Sethi,rajesh.sethi@college.edu,Data Science,7,1
578,Rajesh Singh,rajesh.singh@college.edu,Computer Science,2,1
579,Rajesh Tiwari,rajesh.tiwari@college.edu,Computer Science,6,4
580,Rajesh Verma,rajesh.verma@college.edu,Computer Science,3,2
581,Ramesh Chatterjee,ramesh.chatterjee@college.edu,Computer Science,4,2
582,Ramesh Chauhan,ramesh.chauhan@college.edu,Data Science,2,3
583,Ramesh Dubey,ramesh.dubey@college.edu,Information Technology,5,2
584,Ramesh Gupta,ramesh.gupta@college.edu,Computer Science,8,2
585,Ramesh Iyer,ramesh.iyer@college.edu,Computer Science,6,3
586,Ramesh Khanna,ramesh.khanna@college.edu,AI,2,2
587,Ramesh Menon,ramesh.menon@college.edu,Computer Science,1,2
588,Ramesh Mishra,ramesh.mishra@college.edu,AI,1,2
589,Ramesh Patil,ramesh.patil@college.edu,Information Technology,7,2
590,Ramesh Rao,ramesh.rao@college.edu,Data Science,8,3
591,Ramesh Singh,ramesh.singh@college.edu,Data Science,4,2
592,Ramesh Thakur,ramesh.thakur@college.edu,Information Technology,3,2
593,Ramesh Tiwari,ramesh.tiwari@college.edu,Data Science,4,3
594,Ravi Chatterjee,ravi.chatterjee@college.edu,Information Technology,4,4
595,Ravi Chopra,ravi.chopra@college.edu,Information Technology,4,1
596,Ravi Dubey,ravi.dubey@college.edu,Information Technology,8,4
597,Ravi Gupta,ravi.gupta@college.edu,Data Science,4,3
598,Ravi Patil,ravi.patil@college.edu,AI,5,1
599,Ravi Reddy,ravi.reddy@college.edu,Information Technology,8,3
600,Ravi Thakur,ravi.thakur@college.edu,Computer Science,5,3
601,Rekha Banerjee,rekha.banerjee@college.edu,Data Science,8,2
602,Rekha Chatterjee,rekha.chatterjee@college.edu,Information Technology,7,1
603,Rekha Ghosh,rekha.ghosh@college.edu,Information Technology,2,2
604,Rekha Gill,rekha.gill@college.edu,Computer Science,1,1
605,Rekha Iyer,rekha.iyer@college.edu,AI,4,3
606,Rekha Kulkarni,rekha.kulkarni@college.edu,AI,7,3
607,Rekha Mukherjee,rekha.mukherjee@college.edu,AI,2,4
608,Rekha Nair,rekha.nair@college.edu,Information Technology,1,1
609,Rekha Reddy,rekha.reddy@college.edu,Information Technology,6,2
610,Rekha Shah,rekha.shah@college.edu,Information Technology,3,4
611,Rekha Shetty,rekha.shetty@college.edu,Data Science,5,4
612,Rhea Agarwal,rhea.agarwal@college.edu,Computer Science,6,4
613,Rhea Bose,rhea.bose@college.edu,Information Technology,8,2
614,Rhea Chatterjee,rhea.chatterjee@college.edu,Computer Science,1,4
615,Rhea Gupta,rhea.gupta@college.edu,Computer Science,6,2
616,Rhea Mukherjee,rhea.mukherjee@college.edu,AI,3,4
617,Rhea Nair,rhea.nair@college.edu,Data Science,7,2
618,Rhea Sen,rhea.sen@college.edu,Information Technology,1,3
619,Rhea Shah,rhea.shah@college.edu,AI,6,3
620,Rhea Trivedi,rhea.trivedi@college.edu,AI,5,3
621,Rishi Banerjee,rishi.banerjee@college.edu,Information Technology,5,3
622,Rishi Das,rishi.das@college.edu,Computer Science,2,3
623,Rishi Jain,rishi.jain@college.edu,AI,6,4
624,Rishi Kaur,rishi.kaur@college.edu,Computer Science,4,4
625,Rishi Nair,rishi.nair@college.edu,Data Science,6,4
626,Rishi Pandey,rishi.pandey@college.edu,Computer Science,7,2
627,Rishi Patil,rishi.patil@college.edu,Data Science,1,2
628,Ritika Banerjee,ritika.banerjee@college.edu,Computer Science,1,2
629,Ritika Chatterjee,ritika.chatterjee@college.edu,AI,7,2
630,Ritika Chopra,ritika.chopra@college.edu,AI,6,3
631,Ritika Desai,ritika.desai@college.edu,Data Science,7,3
632,Ritika Hegde,ritika.hegde@college.edu,Information Technology,3,3
633,Ritika Malhotra,ritika.malhotra@college.edu,Data Science,8,1
634,Ritika Menon,ritika.menon@college.edu,Data Science,7,4
635,Ritika Sen,ritika.sen@college.edu,Computer Science,5,2
636,Ritika Singh,ritika.singh@college.edu,Computer Science,7,2
637,Ritika Trivedi,ritika.trivedi@college.edu,Data Science,1,3
638,Ritu Arora,ritu.arora@college.edu,AI,5,2
639,Ritu Bhat,ritu.bhat@college.edu,Computer Science,1,2
640,Ritu Joshi,ritu.joshi@college.edu,Information Technology,2,4
641,Ritu Khanna,ritu.khanna@college.edu,Computer Science,4,3
642,Ritu Patel,ritu.patel@college.edu,Computer Science,1,4
643,Ritu Pillai,ritu.pillai@college.edu,Information Technology,5,1
644,Ritu Sharma,ritu.sharma@college.edu,Data Science,2,1
645,Ritu Tiwari,ritu.tiwari@college.edu,Information Technology,1,1
646,Ritu Verma,ritu.verma@college.edu,Data Science,3,3
647,Rohan Bhat,rohan.bhat@college.edu,Data Science,7,2
648,Rohan Bhatt,rohan.bhatt@college.edu,Data Science,4,3
649,Rohan Dutta,rohan.dutta@college.edu,Information Technology,1,3
650,Rohan Joshi,rohan.joshi@college.edu,Data Science,2,2
651,Rohan Kumar,rohan.kumar@college.edu,AI,3,4
652,Rohan Malhotra,rohan.malhotra@college.edu,Information Technology,6,1
653,Rohan Pillai,rohan.pillai@college.edu,AI,2,4
654,Rohan Sen,rohan.sen@college.edu,Data Science,7,1
655,Rohan Singh,rohan.singh@college.edu,Computer Science,2,3
656,Rohan Thakur,rohan.thakur@college.edu,Data Science,3,1
657,Rohan Tiwari,rohan.tiwari@college.edu,AI,2,3
658,Roshni Agarwal,roshni.agarwal@college.edu,AI,3,4
659,Roshni Bhat,roshni.bhat@college.edu,Information Technology,1,3
660,Roshni Chauhan,roshni.chauhan@college.edu,Computer Science,8,4
661,Roshni Desai,roshni.desai@college.edu,Information Technology,3,2
662,Roshni Iyer,roshni.iyer@college.edu,AI,3,2
663,Roshni Khanna,roshni.khanna@college.edu,Data Science,4,2
664,Roshni Nair,roshni.nair@college.edu,Computer Science,3,3
665,Roshni Rao,roshni.rao@college.edu,Data Science,3,2
666,Roshni Reddy,roshni.reddy@college.edu,Data Science,6,1
667,Saanvi Arora,saanvi.arora@college.edu,Computer Science,8,4
668,Saanvi Bhat,saanvi.bhat@college.edu,Information Technology,1,4
669,Saanvi Desai,saanvi.desai@college.edu,Data Science,7,1
670,Saanvi Ghosh,saanvi.ghosh@college.edu,AI,4,3
671,Saanvi Gill,saanvi.gill@college.edu,Data Science,6,3
672,Saanvi Iyer,saanvi.iyer@college.edu,Computer Science,5,4
673,Saanvi Kumar,saanvi.kumar@college.edu,Computer Science,8,2
674,Saanvi Pandey,saanvi.pandey@college.edu,Computer Science,1,3
675,Saanvi Patel,saanvi.patel@college.edu,Information Technology,1,3
676,Saanvi Rao,saanvi.rao@college.edu,Data Science,5,1
677,Saanvi Saxena,saanvi.saxena@college.edu,Information Technology,7,1
678,Saanvi Sen,saanvi.sen@college.edu,Information Technology,3,2
679,Saanvi Thakur,saanvi.thakur@college.edu,Computer Science,6,3
680,Sachin Banerjee,sachin.banerjee@college.edu,Computer Science,2,3
681,Sachin Desai,sachin.desai@college.edu,Information Technology,4,1
682,Sachin Hegde,sachin.hegde@college.edu,Data Science,2,3
683,Sachin Jain,sachin.jain@college.edu,AI,5,4
684,Sachin Joshi,sachin.joshi@college.edu,Information Technology,1,1
685,Sachin Kulkarni,sachin.kulkarni@college.edu,Data Science,7,2
686,Sachin Pandey,sachin.pandey@college.edu,Computer Science,1,1
687,Sachin Patel,sachin.patel@college.edu,Computer Science,4,3
688,Sachin Reddy,sachin.reddy@college.edu,Data Science,1,2
689,Sachin Singh,sachin.singh@college.edu,AI,1,1
690,Sahil Chauhan,sahil.chauhan@college.edu,Computer Science,4,4
691,Sahil Das,sahil.das@college.edu,Computer Science,6,4
692,Sahil Gupta,sahil.gupta@college.edu,Computer Science,6,1
693,Sahil Kaur,sahil.kaur@college.edu,Data Science,4,4
694,Sahil Kumar,sahil.kumar@college.edu,Information Technology,7,4
695,Sahil Malhotra,sahil.malhotra@college.edu,Computer Science,5,4
696,Sahil Nair,sahil.nair@college.edu,Information Technology,8,2
697,Sahil Patil,sahil.patil@college.edu,AI,1,4
698,Sahil Pillai,sahil.pillai@college.edu,Computer Science,7,4
699,Sahil Shetty,sahil.shetty@college.edu,Computer Science,1,4
700,Sahil Singh,sahil.singh@college.edu,AI,8,2
701,Sahil Trivedi,sahil.trivedi@college.edu,Computer Science,5,1
702,Sandeep Dubey,sandeep.dubey@college.edu,Information Technology,6,3
703,Sandeep Ghosh,sandeep.ghosh@college.edu,Data Science,7,4
704,Sandeep Mukherjee,sandeep.mukherjee@college.edu,Information Technology,3,1
705,Sandeep Patel,sandeep.patel@college.edu,Data Science,3,4
706,Sandeep Rao,sandeep.rao@college.edu,Data Science,8,2
707,Sandeep Roy,sandeep.roy@college.edu,Information Technology,3,1
708,Sandeep Sharma,sandeep.sharma@college.edu,Information Technology,6,2
709,Sanya Arora,sanya.arora@college.edu,Information Technology,8,4
710,Sanya Bajaj,sanya.bajaj@college.edu,Information Technology,6,4
711,Sanya Bose,sanya.bose@college.edu,AI,5,2
712,Sanya Das,sanya.das@college.edu,Computer Science,1,3
713,Sanya Dutta,sanya.dutta@college.edu,Data Science,5,2
714,Sanya Iyer,sanya.iyer@college.edu,Information Technology,5,4
715,Sanya Joshi,sanya.joshi@college.edu,Information Technology,6,2
716,Sanya Kulkarni,sanya.kulkarni@college.edu,Information Technology,8,3
717,Sanya Mukherjee,sanya.mukherjee@college.edu,AI,8,2
718,Sanya Patil,sanya.patil@college.edu,Information Technology,3,3
719,Sanya Pillai,sanya.pillai@college.edu,Information Technology,2,3
720,Sanya Sethi,sanya.sethi@college.edu,Information Technology,1,2
721,Shalini Agarwal,shalini.agarwal@college.edu,Computer Science,6,2
722,Shalini Bajaj,shalini.bajaj@college.edu,AI,3,1
723,Shalini Bhatt,shalini.bhatt@college.edu,Information Technology,7,4
724,Shalini Das,shalini.das@college.edu,Data Science,2,3
725,Shalini Dutta,shalini.dutta@college.edu,Data Science,2,1
726,Shalini Ghosh,shalini.ghosh@college.edu,Data Science,6,2
727,Shalini Gill,shalini.gill@college.edu,AI,4,4
728,Shalini Iyer,shalini.iyer@college.edu,AI,1,1
729,Shalini Menon,shalini.menon@college.edu,Data Science,2,3
730,Shalini Mishra,shalini.mishra@college.edu,Information Technology,6,1
731,Shalini Pandey,shalini.pandey@college.edu,AI,6,3
732,Shalini Patel,shalini.patel@college.edu,Data Science,3,2
733,Shalini Rao,shalini.rao@college.edu,Data Science,7,4
734,Shalini Reddy,shalini.reddy@college.edu,Information Technology,4,4
735,Shalini Shah,shalini.shah@college.edu,Computer Science,1,4
736,Shalini Verma,shalini.verma@college.edu,AI,8,2
737,Shreya Chopra,shreya.chopra@college.edu,Information Technology,5,3
738,Shreya Das,shreya.das@college.edu,Data Science,7,2
739,Shreya Kaur,shreya.kaur@college.edu,Data Science,7,4
740,Shreya Kulkarni,shreya.kulkarni@college.edu,Information Technology,3,2
741,Shreya Mukherjee,shreya.mukherjee@college.edu,AI,8,2
742,Shreya Tiwari,shreya.tiwari@college.edu,Computer Science,2,2
743,Shreya Verma,shreya.verma@college.edu,Computer Science,2,3
744,Shweta Bhatt,shweta.bhatt@college.edu,Data Science,3,1
745,Shweta Dutta,shweta.dutta@college.edu,AI,6,1
746,Shweta Gupta,shweta.gupta@college.edu,Computer Science,2,2
747,Shweta Iyer,shweta.iyer@college.edu,AI,4,1
748,Shweta Kaur,shweta.kaur@college.edu,AI,1,1
749,Shweta Malhotra,shweta.malhotra@college.edu,Data Science,7,2
750,Shweta Mishra,shweta.mishra@college.edu,Computer Science,7,2
751,Shweta Nair,shweta.nair@college.edu,Information Technology,4,4
752,Shweta Patel,shweta.patel@college.edu,Data Science,8,1
753,Shweta Patil,shweta.patil@college.edu,Computer Science,2,3
754,Shweta Rao,shweta.rao@college.edu,Computer Science,7,2
755,Shweta Sharma,shweta.sharma@college.edu,Computer Science,5,4
756,Siddharth Arora,siddharth.arora@college.edu,Computer Science,8,3
757,Siddharth Bajaj,siddharth.bajaj@college.edu,Computer Science,1,1
758,Siddharth Banerjee,siddharth.banerjee@college.edu,AI,1,4
759,Siddharth Chauhan,siddharth.chauhan@college.edu,Data Science,7,2
760,Siddharth Chopra,siddharth.chopra@college.edu,AI,3,3
761,Siddharth Ghosh,siddharth.ghosh@college.edu,Information Technology,8,2
762,Siddharth Iyer,siddharth.iyer@college.edu,Computer Science,7,1
763,Siddharth Joshi,siddharth.joshi@college.edu,Data Science,3,3
764,Siddharth Kapoor,siddharth.kapoor@college.edu,Computer Science,7,1
765,Siddharth Kulkarni,siddharth.kulkarni@college.edu,Data Science,5,1
766,Siddharth Malhotra,siddharth.malhotra@college.edu,AI,8,4
767,Siddharth Menon,siddharth.menon@college.edu,Data Science,6,2
768,Siddharth Saxena,siddharth.saxena@college.edu,Information Technology,1,3
769,Siddharth Sen,siddharth.sen@college.edu,Information Technology,7,1
770,Siddharth Verma,siddharth.verma@college.edu,Data Science,5,1
771,Simran Banerjee,simran.banerjee@college.edu,Data Science,3,3
772,Simran Chatterjee,simran.chatterjee@college.edu,Data Science,3,1
773,Simran Chopra,simran.chopra@college.edu,Data Science,1,4
774,Simran Das,simran.das@college.edu,Information Technology,4,4
775,Simran Dutta,simran.dutta@college.edu,Computer Science,7,4
776,Simran Joshi,simran.joshi@college.edu,Data Science,8,4
777,Simran Kumar,simran.kumar@college.edu,Data Science,2,1
778,Simran Malhotra,simran.malhotra@college.edu,Information Technology,3,3
779,Simran Pandey,simran.pandey@college.edu,Information Technology,8,3
780,Simran Patil,simran.patil@college.edu,AI,8,3
781,Simran Saxena,simran.saxena@college.edu,Data Science,6,3
782,Sneha Bhatt,sneha.bhatt@college.edu,AI,8,2
783,Sneha Dubey,sneha.dubey@college.edu,Information Technology,8,3
784,Sneha Dutta,sneha.dutta@college.edu,Information Technology,6,2
785,Sneha Iyer,sneha.iyer@college.edu,Computer Science,3,2
786,Sneha Kumar,sneha.kumar@college.edu,Data Science,8,4
787,Sneha Malhotra,sneha.malhotra@college.edu,AI,4,2
788,Sneha Nair,sneha.nair@college.edu,Information Technology,4,1
789,Sneha Patel,sneha.patel@college.edu,Information Technology,5,2
790,Sneha Patil,sneha.patil@college.edu,AI,6,4
791,Sneha Roy,sneha.roy@college.edu,Computer Science,5,2
792,Sneha Sharma,sneha.sharma@college.edu,Information Technology,6,1
793,Sneha Thakur,sneha.thakur@college.edu,Data Science,7,1
794,Sneha Tiwari,sneha.tiwari@college.edu,Information Technology,7,1
795,Sonali Gill,sonali.gill@college.edu,Data Science,8,4
796,Sonali Kaur,sonali.kaur@college.edu,AI,2,4
797,Sonali Kumar,sonali.kumar@college.edu,Data Science,7,3
798,Sonali Malhotra,sonali.malhotra@college.edu,AI,2,4
799,Sonali Pandey,sonali.pandey@college.edu,Data Science,7,1
800,Sonali Patel,sonali.patel@college.edu,AI,1,1
801,Sonali Sethi,sonali.sethi@college.edu,Data Science,7,4
802,Sonali Sharma,sonali.sharma@college.edu,Computer Science,5,2
803,Sonali Tiwari,sonali.tiwari@college.edu,Data Science,3,4
804,Sonali Verma,sonali.verma@college.edu,Data Science,8,4
805,Suhani Bajaj,suhani.bajaj@college.edu,Computer Science,5,1
806,Suhani Chatterjee,suhani.chatterjee@college.edu,Information Technology,3,3
807,Suhani Chauhan,suhani.chauhan@college.edu,Information Technology,4,1
808,Suhani Dubey,suhani.dubey@college.edu,Data Science,5,3
809,Suhani Gupta,suhani.gupta@college.edu,Computer Science,4,1
810,Suhani Hegde,suhani.hegde@college.edu,Data Science,2,4
811,Suhani Khanna,suhani.khanna@college.edu,AI,2,1
812,Suhani Kumar,suhani.kumar@college.edu,AI,1,1
813,Suhani Pandey,suhani.pandey@college.edu,Data Science,7,1
814,Suhani Patil,suhani.patil@college.edu,Information Technology,5,4
815,Suhani Sethi,suhani.sethi@college.edu,Information Technology,4,4
816,Sunil Chatterjee,sunil.chatterjee@college.edu,Data Science,3,4
817,Sunil Chopra,sunil.chopra@college.edu,Data Science,2,4
818,Sunil Desai,sunil.desai@college.edu,AI,7,3
819,Sunil Dubey,sunil.dubey@college.edu,Information Technology,2,3
820,Sunil Gill,sunil.gill@college.edu,Data Science,3,2
821,Sunil Kapoor,sunil.kapoor@college.edu,AI,7,4
822,Sunil Malhotra,sunil.malhotra@college.edu,Information Technology,7,3
823,Sunil Nair,sunil.nair@college.edu,Computer Science,4,1
824,Sunil Pillai,sunil.pillai@college.edu,AI,4,4
825,Sunil Roy,sunil.roy@college.edu,Information Technology,5,2
826,Suresh Bajaj,suresh.bajaj@college.edu,Information Technology,5,2
827,Suresh Dubey,suresh.dubey@college.edu,AI,6,2
828,Suresh Gupta,suresh.gupta@college.edu,Computer Science,8,1
829,Suresh Kaur,suresh.kaur@college.edu,AI,6,3
830,Suresh Mukherjee,suresh.mukherjee@college.edu,Information Technology,1,1
831,Suresh Patel,suresh.patel@college.edu,Data Science,2,4
832,Suresh Sharma,suresh.sharma@college.edu,Data Science,5,2
833,Suresh Thakur,suresh.thakur@college.edu,AI,4,1
834,Suresh Tiwari,suresh.tiwari@college.edu,Information Technology,3,1
835,Swati Agarwal,swati.agarwal@college.edu,Data Science,4,3
836,Swati Arora,swati.arora@college.edu,Information Technology,2,3
837,Swati Banerjee,swati.banerjee@college.edu,AI,6,2
838,Swati Bose,swati.bose@college.edu,Data Science,4,1
839,Swati Das,swati.das@college.edu,Information Technology,8,1
840,Swati Dubey,swati.dubey@college.edu,Data Science,1,3
841,Swati Iyer,swati.iyer@college.edu,AI,2,1
842,Swati Joshi,swati.joshi@college.edu,Information Technology,6,1
843,Swati Khanna,swati.khanna@college.edu,Data Science,8,1
844,Swati Mishra,swati.mishra@college.edu,AI,3,3
845,Swati Patel,swati.patel@college.edu,Data Science,6,2
846,Swati Patil,swati.patil@college.edu,Data Science,7,4
847,Swati Shah,swati.shah@college.edu,Computer Science,8,2
848,Swati Sharma,swati.sharma@college.edu,Computer Science,8,4
849,Swati Thakur,swati.thakur@college.edu,AI,1,1
850,Tanvi Bhat,tanvi.bhat@college.edu,Computer Science,2,2
851,Tanvi Desai,tanvi.desai@college.edu,AI,3,4
852,Tanvi Ghosh,tanvi.ghosh@college.edu,Computer Science,1,3
853,Tanvi Gill,tanvi.gill@college.edu,Data Science,6,3
854,Tanvi Hegde,tanvi.hegde@college.edu,AI,1,2
855,Tanvi Kaur,tanvi.kaur@college.edu,AI,8,2
856,Tanvi Tiwari,tanvi.tiwari@college.edu,Data Science,2,1
857,Tanya Bajaj,tanya.bajaj@college.edu,AI,5,2
858,Tanya Desai,tanya.desai@college.edu,AI,1,1
859,Tanya Dubey,tanya.dubey@college.edu,Computer Science,7,1
860,Tanya Kaur,tanya.kaur@college.edu,AI,1,3
861,Tanya Mishra,tanya.mishra@college.edu,Information Technology,6,3
862,Tanya Pandey,tanya.pandey@college.edu,Data Science,6,4
863,Tanya Rao,tanya.rao@college.edu,Computer Science,3,3
864,Tanya Sethi,tanya.sethi@college.edu,Computer Science,6,3
865,Tanya Thakur,tanya.thakur@college.edu,Information Technology,4,2
866,Tarun Banerjee,tarun.banerjee@college.edu,Data Science,2,3
867,Tarun Desai,tarun.desai@college.edu,Data Science,2,4
868,Tarun Patel,tarun.patel@college.edu,Computer Science,5,2
869,Tarun Sharma,tarun.sharma@college.edu,AI,5,4
870,Tarun Shetty,tarun.shetty@college.edu,Computer Science,2,3
871,Tarun Verma,tarun.verma@college.edu,Data Science,7,4
872,Trisha Jain,trisha.jain@college.edu,Information Technology,5,2
873,Trisha Khanna,trisha.khanna@college.edu,Computer Science,3,1
874,Trisha Kulkarni,trisha.kulkarni@college.edu,Data Science,6,4
875,Trisha Pandey,trisha.pandey@college.edu,Computer Science,2,4
876,Trisha Pillai,trisha.pillai@college.edu,AI,8,2
877,Trisha Rao,trisha.rao@college.edu,Computer Science,5,2
878,Trisha Shetty,trisha.shetty@college.edu,Computer Science,2,4
879,Trisha Tiwari,trisha.tiwari@college.edu,Data Science,4,3
880,Tushar Bajaj,tushar.bajaj@college.edu,Data Science,1,4
881,Tushar Bhat,tushar.bhat@college.edu,Data Science,6,2
882,Tushar Hegde,tushar.hegde@college.edu,Computer Science,2,1
883,Tushar Joshi,tushar.joshi@college.edu,AI,1,1
884,Tushar Kumar,tushar.kumar@college.edu,Information Technology,5,3
885,Tushar Patil,tushar.patil@college.edu,Information Technology,1,4
886,Tushar Rao,tushar.rao@college.edu,Data Science,6,1
887,Tushar Reddy,tushar.reddy@college.edu,Data Science,2,4
888,Tushar Saxena,tushar.saxena@college.edu,Computer Science,4,2
889,Tushar Sen,tushar.sen@college.edu,Information Technology,7,1
890,Tushar Shetty,tushar.shetty@college.edu,Data Science,5,3
891,Uma Dutta,uma.dutta@college.edu,AI,2,2
892,Uma Gill,uma.gill@college.edu,AI,6,3
893,Uma Gupta,uma.gupta@college.edu,Data Science,5,2
894,Uma Khanna,uma.khanna@college.edu,Data Science,3,1
895,Uma Pandey,uma.pandey@college.edu,Information Technology,1,3
896,Uma Saxena,uma.saxena@college.edu,Information Technology,7,3
897,Uma Shah,uma.shah@college.edu,Computer Science,6,2
898,Uma Sharma,uma.sharma@college.edu,Information Technology,3,3
899,Uma Shetty,uma.shetty@college.edu,AI,8,2
900,Uma Singh,uma.singh@college.edu,AI,2,2
901,Varsha Agarwal,varsha.agarwal@college.edu,Data Science,4,2
902,Varsha Bhat,varsha.bhat@college.edu,Information Technology,5,2
903,Varsha Chatterjee,varsha.chatterjee@college.edu,Computer Science,1,1
904,Varsha Das,varsha.das@college.edu,AI,5,2
905,Varsha Dubey,varsha.dubey@college.edu,AI,7,4
906,Varsha Kapoor,varsha.kapoor@college.edu,Computer Science,2,3
907,Varsha Khanna,varsha.khanna@college.edu,Computer Science,5,4
908,Varsha Singh,varsha.singh@college.edu,AI,1,1
909,Varsha Thakur,varsha.thakur@college.edu,AI,2,4
910,Varun Bhatt,varun.bhatt@college.edu,Computer Science,5,3
911,Varun Bose,varun.bose@college.edu,AI,4,4
912,Varun Chatterjee,varun.chatterjee@college.edu,Data Science,6,1
913,Varun Chopra,varun.chopra@college.edu,Data Science,2,2
914,Varun Dutta,varun.dutta@college.edu,Computer Science,6,4
915,Varun Ghosh,varun.ghosh@college.edu,Information Technology,8,1
916,Varun Gupta,varun.gupta@college.edu,Computer Science,2,1
917,Varun Iyer,varun.iyer@college.edu,Computer Science,4,3
918,Varun Joshi,varun.joshi@college.edu,Information Technology,6,3
919,Varun Kaur,varun.kaur@college.edu,Information Technology,3,4
920,Varun Shetty,varun.shetty@college.edu,Information Technology,1,2
921,Vijay Arora,vijay.arora@college.edu,Data Science,3,1
922,Vijay Bajaj,vijay.bajaj@college.edu,AI,5,4
923,Vijay Bhatt,vijay.bhatt@college.edu,Data Science,4,1
924,Vijay Ghosh,vijay.ghosh@college.edu,AI,3,1
925,Vijay Iyer,vijay.iyer@college.edu,Data Science,2,2
926,Vijay Joshi,vijay.joshi@college.edu,AI,5,2
927,Vijay Kapoor,vijay.kapoor@college.edu,Data Science,5,4
928,Vijay Mukherjee,vijay.mukherjee@college.edu,Information Technology,3,2
929,Vijay Nair,vijay.nair@college.edu,Computer Science,8,2
930,Vijay Pillai,vijay.pillai@college.edu,Data Science,3,4
931,Vijay Reddy,vijay.reddy@college.edu,AI,8,2
932,Vijay Saxena,vijay.saxena@college.edu,Information Technology,4,3
933,Vijay Tiwari,vijay.tiwari@college.edu,Data Science,1,1
934,Vijay Trivedi,vijay.trivedi@college.edu,Data Science,3,1
935,Vikram Arora,vikram.arora@college.edu,Information Technology,7,1
936,Vikram Banerjee,vikram.banerjee@college.edu,Data Science,8,1
937,Vikram Desai,vikram.desai@college.edu,Computer Science,3,4
938,Vikram Gupta,vikram.gupta@college.edu,Data Science,6,1
939,Vikram Kapoor,vikram.kapoor@college.edu,Computer Science,2,1
940,Vikram Kumar,vikram.kumar@college.edu,Computer Science,7,1
941,Vikram Mukherjee,vikram.mukherjee@college.edu,Information Technology,7,1
942,Vikram Roy,vikram.roy@college.edu,Data Science,8,3
943,Vikram Shetty,vikram.shetty@college.edu,Information Technology,6,1
944,Vikram Singh,vikram.singh@college.edu,Data Science,6,3
945,Vinay Das,vinay.das@college.edu,Data Science,5,4
946,Vinay Iyer,vinay.iyer@college.edu,AI,8,2
947,Vinay Pandey,vinay.pandey@college.edu,Data Science,1,1
948,Vinay Shah,vinay.shah@college.edu,Information Technology,2,2
949,Vishal Banerjee,vishal.banerjee@college.edu,Computer Science,4,2
950,Vishal Dutta,vishal.dutta@college.edu,Data Science,7,4
951,Vishal Kapoor,vishal.kapoor@college.edu,AI,4,2
952,Vishal Kaur,vishal.kaur@college.edu,Information Technology,3,3
953,Vishal Kulkarni,vishal.kulkarni@college.edu,Data Science,3,2
954,Vishal Malhotra,vishal.malhotra@college.edu,Information Technology,4,2
955,Vishal Mehta,vishal.mehta@college.edu,AI,3,2
956,Vishal Pillai,vishal.pillai@college.edu,AI,1,1
957,Vishal Roy,vishal.roy@college.edu,Information Technology,6,1
958,Vishal Sen,vishal.sen@college.edu,Data Science,3,3
959,Vishal Verma,vishal.verma@college.edu,Computer Science,5,3
960,Vivek Bhat,vivek.bhat@college.edu,AI,3,1
961,Vivek Bhatt,vivek.bhatt@college.edu,Data Science,2,3
962,Vivek Das,vivek.das@college.edu,Data Science,1,1
963,Vivek Ghosh,vivek.ghosh@college.edu,Computer Science,2,4
964,Vivek Gill,vivek.gill@college.edu,AI,2,2
965,Vivek Hegde,vivek.hegde@college.edu,AI,5,2
966,Vivek Kapoor,vivek.kapoor@college.edu,Data Science,1,3
967,Vivek Malhotra,vivek.malhotra@college.edu,Data Science,1,1
968,Vivek Shah,vivek.shah@college.edu,Computer Science,8,1
969,Vivek Shetty,vivek.shetty@college.edu,Computer Science,1,3
970,Vivek Tiwari,vivek.tiwari@college.edu,AI,1,1
971,Yamini Banerjee,yamini.banerjee@college.edu,Information Technology,1,4
972,Yamini Bose,yamini.bose@college.edu,AI,5,2
973,Yamini Desai,yamini.desai@college.edu,Data Science,3,3
974,Yamini Ghosh,yamini.ghosh@college.edu,AI,8,3
975,Yamini Joshi,yamini.joshi@college.edu,Information Technology,2,1
976,Yamini Kulkarni,yamini.kulkarni@college.edu,Computer Science,1,3
977,Yamini Malhotra,yamini.malhotra@college.edu,Information Technology,7,4
978,Yamini Mishra,yamini.mishra@college.edu,Information Technology,3,1
979,Yamini Pillai,yamini.pillai@college.edu,Information Technology,3,1
980,Yamini Trivedi,yamini.trivedi@college.edu,Computer Science,2,1
981,Yash Arora,yash.arora@college.edu,Information Technology,5,1
982,Yash Banerjee,yash.banerjee@college.edu,Information Technology,4,4
983,Yash Ghosh,yash.ghosh@college.edu,Information Technology,4,1
984,Yash Gill,yash.gill@college.edu,Data Science,3,3
985,Yash Iyer,yash.iyer@college.edu,Information Technology,6,4
986,Yash Khanna,yash.khanna@college.edu,Computer Science,6,2
987,Yash Menon,yash.menon@college.edu,Information Technology,2,2
988,Yash Pandey,yash.pandey@college.edu,Information Technology,4,3
989,Yash Trivedi,yash.trivedi@college.edu,Computer Science,3,3
990,Zara Agarwal,zara.agarwal@college.edu,Information Technology,5,4
991,Zara Bajaj,zara.bajaj@college.edu,Computer Science,4,2
992,Zara Dubey,zara.dubey@college.edu,Information Technology,3,2
993,Zara Gupta,zara.gupta@college.edu,Computer Science,3,2
994,Zara Iyer,zara.iyer@college.edu,Information Technology,1,2
995,Zara Kulkarni,zara.kulkarni@college.edu,Information Technology,5,2
996,Zara Mishra,zara.mishra@college.edu,Data Science,1,1
997,Zara Pandey,zara.pandey@college.edu,Data Science,2,3
998,Zara Pillai,zara.pillai@college.edu,Information Technology,1,1
999,Zara Rao,zara.rao@college.edu,Information Technology,7,2
1000,Zara Reddy,zara.reddy@college.edu,AI,1,4
